<?xml version="1.0" encoding="UTF-8"?>
<metadata>
  <groupId>com.lm.</groupId>
  <artifactId>hbase-core</artifactId>
  <versioning>
    <release>1.2.3</release>
    <versions>
      <version>1.2.83</version>
      <version>1.8.1</version>
      <version>1.8.0</version>
      <version>3.0.1</version>
      <version>3.2.1</version>
      <version>2.5</version>
      <version>1.7.1</version>
      <version>0.9.2</version>
      <version>1.1.0</version>
      <version>2.8</version>
      <version>2.1</version>
      <version>2.2</version>
      <version>1.7.21</version>
      <version>0.1</version>
      <version>1.2.3</version>
    </versions>
    <lastUpdated>20220912103212</lastUpdated>
  </versioning>
</metadata>
